Workbook

Sheet README
A1: Nama | B1: Muchammad Wildan Alkautsar
A2: Penjelasan Pembersihan Data | B2: - Nilai null pada tanggal_pengiriman diatasi dengan membuat kolom clean_tanggal_pengiriman dan mengisinya menggunakan tanggal_pemesanan + 3 hari berdasarkan asumsi waktu pengiriman standar. - Nilai null pada kolom kota diisi pada kolom clean_kota menggunakan fungsi XLOOKUP dengan referensi dari subsheet reference_province_to_city.- - Nilai null pada kolom kode_pos diatasi dengan membuat kolom clean_kode_pos menggunakan fungsi XLOOKUP dengan referensi dari subsheet reference_postal_code. - Duplicate values dihapus menggunakan fitur Data → Data cleanup → Remove duplicates, sehingga jumlah data berkurang dari 10.493 menjadi 10.076 baris.
A6: CONTOH
A8: Nama | B8: Yohan
A9: Penjelasan Pembersihan Data | B9: - Nilai null pada tanggal_pengiriman diisi dengan nilai yang sama pada tanggal pemesanan. Hal ini ditujukan dengan asumsi barang dikirim di waktu yang sama dan secara bisnis masih masuk akal. - xxx

Sheet sources
A1: row_id | B1: order_id | C1: tanggal_pemesanan | D1: tanggal_pengiriman | E1: clean_tanggal_pengiriman | F1: metode_pengiriman | G1: customer_id | H1: nama_pelanggan | I1: segmen | J1: negara | K1: kota | L1: clean_kota | M1: provinsi | N1: kode_pos | O1: clean_kode_pos | P1: wilayah | Q1: product_id | R1: kategori | S1: sub_kategori | T1: nama_produk | U1: penjualan | V1: kuantitas | W1: diskon | X1: keuntungan
A2: 7981 | B2: IDN-2014-103800 | C2: 41642 | D2: 41646 | E2: =IF(D2="", C2+3, D2) -> 41646 | F2: Standard Class | G2: YD-6879 | H2: Yulia Damanik | I2: Consumer | J2: Indonesia | K2: Makassar | L2: {=_xlfn.XLOOKUP(M2,reference_province_to_city!$A$2:$A$11,reference_province_to_city!$B$2:$B$11)} -> Makassar | M2: Sulawesi Selatan | N2: 90111 | O2: {=_xlfn.XLOOKUP(M2,reference_postal_code!$B$2:$B$11,reference_postal_code!$A$2:$A$11)} -> 90111 | P2: South | Q2: OFF-PA-10000174 | R2: Office Supplies | S2: Paper | T2: Kertas Foto 5240 | U2: 246720 | V2: 2 | W2: 0.2 | X2: 83268
A3: 740 | B3: IDN-2014-112326 | C3: 41643 | D3: 41647 | E3: =IF(D3="", C3+3, D3) -> 41647 | F3: Standard Class | G3: GS-1390 | H3: Genta Saefullah | I3: Home Office | J3: Indonesia | K3: Yogyakarta | L3: {=_xlfn.XLOOKUP(M3,reference_province_to_city!$A$2:$A$11,reference_province_to_city!$B$2:$B$11)} -> Yogyakarta | M3: DI Yogyakarta | N3: 55111 | O3: {=_xlfn.XLOOKUP(M3,reference_postal_code!$B$2:$B$11,reference_postal_code!$A$2:$A$11)} -> 55111 | P3: Central | Q3: OFF-LA-10003223 | R3: Office Supplies | S3: Labels | T3: Label Harga 3161 | U3: 176760 | V3: 3 | W3: 0.2 | X3: 64075
A4: 742 | B4: IDN-2014-112326 | C4: 41643 | D4: 41647 | E4: =IF(D4="", C4+3, D4) -> 41647 | F4: Standard Class | G4: GS-1390 | H4: Genta Saefullah | I4: Home Office | J4: Indonesia | K4: Yogyakarta | L4: {=_xlfn.XLOOKUP(M4,reference_province_to_city!$A$2:$A$11,reference_province_to_city!$B$2:$B$11)} -> Yogyakarta | M4: DI Yogyakarta | N4: 55111 | O4: {=_xlfn.XLOOKUP(M4,reference_postal_code!$B$2:$B$11,reference_postal_code!$A$2:$A$11)} -> 55111 | P4: Central | Q4: OFF-BI-10004094 | R4: Office Supplies | S4: Binders | T4: Binder Plastik A4 1084 | U4: 53100 | V4: 2 | W4: 0.8 | X4: -82305
A5: 741 | B5: IDN-2014-112326 | C5: 41643 | D5: 41647 | E5: =IF(D5="", C5+3, D5) -> 41647 | F5: Standard Class | G5: GS-1390 | H5: Genta Saefullah | I5: Home Office | J5: Indonesia | K5: Yogyakarta | L5: {=_xlfn.XLOOKUP(M5,reference_province_to_city!$A$2:$A$11,reference_province_to_city!$B$2:$B$11)} -> Yogyakarta | M5: DI Yogyakarta | N5: 55111 | O5: {=_xlfn.XLOOKUP(M5,reference_postal_code!$B$2:$B$11,reference_postal_code!$A$2:$A$11)} -> 55111 | P5: Central | Q5: OFF-ST-10002743 | R5: Office Supplies | S5: Storage | T5: Lemari Arsip 4745 | U5: 4091040 | V5: 3 | W5: 0.2 | X5: -971622
A6: 1760 | B6: IDN-2014-141817 | C6: 41644 | D6: 41651 | E6: =IF(D6="", C6+3, D6) -> 41651 | F6: Standard Class | G6: KF-4096 | H6: Kariman Firgantoro | I6: Consumer | J6: Indonesia | K6: Palembang | L6: {=_xlfn.XLOOKUP(M6,reference_province_to_city!$A$2:$A$11,reference_province_to_city!$B$2:$B$11)} -> Palembang | M6: Sumatera Selatan | N6: 30111 | O6: {=_xlfn.XLOOKUP(M6,reference_postal_code!$B$2:$B$11,reference_postal_code!$A$2:$A$11)} -> 30111 | P6: Central | Q6: OFF-AR-10003478 | R6: Office Supplies | S6: Art | T6: Lukisan Cat Air 9781 | U6: 293040 | V6: 3 | W6: 0.2 | X6: 73260
A7: 7480 | B7: IDN-2014-167199 | C7: 41645 | D7: 41649 | E7: =IF(D7="", C7+3, D7) -> 41649 | F7: Standard Class | G7: KH-9486 | H7: Kairav Hutagalung | I7: Home Office | J7: Indonesia | K7: DENPASAR | L7: {=_xlfn.XLOOKUP(M7,reference_province_to_city!$A$2:$A$11,reference_province_to_city!$B$2:$B$11)} -> Denpasar | M7: Bali | N7: 80231 | O7: {=_xlfn.XLOOKUP(M7,reference_postal_code!$B$2:$B$11,reference_postal_code!$A$2:$A$11)} -> 80231 | P7: South | Q7: OFF-FA-10001883 | R7: Office Supplies | S7: Fasteners | T7: Paper Clip 3974 | U7: 466800 | V7: 4 | W7: 0 | X7: 4668
A8: 7475 | B8: IDN-2014-167199 | C8: 41645 | D8: 41649 | E8: =IF(D8="", C8+3, D8) -> 41649 | F8: Standard Class | G8: KH-9486 | H8: Kairav Hutagalung | I8: Home Office | J8: Indonesia | K8: Denpasar | L8: {=_xlfn.XLOOKUP(M8,reference_province_to_city!$A$2:$A$11,reference_province_to_city!$B$2:$B$11)} -> Denpasar | M8: Bali | N8: 80231 | O8: {=_xlfn.XLOOKUP(M8,reference_postal_code!$B$2:$B$11,reference_postal_code!$A$2:$A$11)} -> 80231 | P8: South | Q8: FUR-CH-10004063 | R8: Furniture | S8: Chairs | T8: Kursi Kantor 0991 | U8: 38607300 | V8: 9 | W8: 0 | X8: 11196117
A9: 7479 | B9: IDN-2014-167199 | C9: 41645 | D9: 41649 | E9: =IF(D9="", C9+3, D9) -> 41649 | F9: Standard Class | G9: KH-9486 | H9: Kairav Hutagalung | I9: Home Office | J9: Indonesia | K9: Denpasar | L9: {=_xlfn.XLOOKUP(M9,reference_province_to_city!$A$2:$A$11,reference_province_to_city!$B$2:$B$11)} -> Denpasar | M9: Bali | N9: 80231 | O9: {=_xlfn.XLOOKUP(M9,reference_postal_code!$B$2:$B$11,reference_postal_code!$A$2:$A$11)} -> 80231 | P9: South | Q9: TEC-PH-10004539 | R9: Technology | S9: Phones | T9: Feature Phone Dual SIM 9424 | U9: 11339400 | V9: 4 | W9: 0 | X9: 3061638
A10: 5328 | B10: IDN-2014-130813 | C10: 41645 | D10: 41647 | E10: =IF(D10="", C10+3, D10) -> 41647 | F10: Second Class | G10: TAMS-6700 | H10: Tgk. Adikara Mardhiyah, S.H. | I10: Consumer | J10: Indonesia | K10: Bandung | L10: {=_xlfn.XLOOKUP(M10,reference_province_to_city!$A$2:$A$11,reference_province_to_city!$B$2:$B$11)} -> Bandung | M10: Jawa Barat | N10: 40111 | O10: {=_xlfn.XLOOKUP(M10,reference_postal_code!$B$2:$B$11,reference_postal_code!$A$2:$A$11)} -> 40111 | P10: West | Q10: OFF-PA-10002005 | R10: Office Supplies | S10: Paper | T10: Kertas HVS A4 0729 | U10: 291600 | V10: 3 | W10: 0 | X10: 139968
A11: 7478 | B11: IDN-2014-167199 | C11: 41645 | D11: 41649 | E11: =IF(D11="", C11+3, D11) -> 41649 | F11: Standard Class | G11: KH-9486 | H11: Kairav Hutagalung | I11: Home Office | J11: Indonesia | K11: Denpasar | L11: {=_xlfn.XLOOKUP(M11,reference_province_to_city!$A$2:$A$11,reference_province_to_city!$B$2:$B$11)} -> Denpasar | M11: Bali | N11: 80231 | O11: {=_xlfn.XLOOKUP(M11,reference_postal_code!$B$2:$B$11,reference_postal_code!$A$2:$A$11)} -> 80231 | P11: South | Q11: TEC-PH-10004977 | R11: Technology | S11: Phones | T11: Feature Phone Dual SIM 2327 | U11: 5879700 | V11: 2 | W11: 0 | X11: 1705113
A12: 7477 | B12: IDN-2014-167199 | C12: 41645 | D12: 41649 | E12: =IF(D12="", C12+3, D12) -> 41649 | F12: Standard Class | G12: KH-9486 | H12: Kairav Hutagalung | I12: Home Office | J12: Indonesia | K12: Denpasar | L12: {=_xlfn.XLOOKUP(M12,reference_province_to_city!$A$2:$A$11,reference_province_to_city!$B$2:$B$11)} -> Denpasar | M12: Bali | N12: 80231 | O12: {=_xlfn.XLOOKUP(M12,reference_postal_code!$B$2:$B$11,reference_postal_code!$A$2:$A$11)} -> 80231 | P12: South | Q12: OFF-AR-10001662 | R12: Office Supplies | S12: Art | T12: Kaligrafi Dinding 2810 | U12: 82200 | V12: 2 | W12: 0 | X12: 22194
A13: 7181 | B13: IDN-2014-106054 | C13: 41645 | D13: 41646 | E13: =IF(D13="", C13+3, D13) -> 41646 | F13: First Class | G13: EP-2984 | H13: Estiawan Prastuti | I13: Corporate | J13: Indonesia | K13: Yogyakarta | L13: {=_xlfn.XLOOKUP(M13,reference_province_to_city!$A$2:$A$11,reference_province_to_city!$B$2:$B$11)} -> Yogyakarta | M13: DI Yogyakarta | N13: 55111 | O13: {=_xlfn.XLOOKUP(M13,reference_postal_code!$B$2:$B$11,reference_postal_code!$A$2:$A$11)} -> 55111 | P13: Central | Q13: OFF-AR-10002399 | R13: Office Supplies | S13: Art | T13: Kaligrafi Dinding 1102 | U13: 191700 | V13: 3 | W13: 0 | X13: 78597
... A19: 594 | B19: IDN-2014-135405 | C19: 41648 | D19: 41652 | E19: =IF(D19="", C19+3, D19) -> 41652 | F19: Standard Class | G19: RP-4156 | H19: Rahmat Pradana | I19: Consumer | J19: Indonesia | K19: Makassar | L19: {=_xlfn.XLOOKUP(M19,reference_province_to_city!$A$2:$A$11,reference_province_to_city!$B$2:$B$11)} -> Makassar | M19: Sulawesi Selatan | N19: 90111 | O19: {=_xlfn.XLOOKUP(M19,reference_postal_code!$B$2:$B$11,reference_postal_code!$A$2:$A$11)} -> 90111 | P19: South | Q19: TEC-AC-10001266 | R19: Technology | S19: Accessories | T19: Headset 3811 | U19: 468000 | V19: 3 | W19: 0.2 | X19: 146250
A20: 867 | B20: IDN-2014-149020 | C20: 41649 | D20: 41654 | E20: =IF(D20="", C20+3, D20) -> 41654 | F20: Standard Class | G20: WM-4177 | H20: Wulan Mardhiyah | I20: Corporate | J20: Indonesia | L20: {=_xlfn.XLOOKUP(M20,reference_province_to_city!$A$2:$A$11,reference_province_to_city!$B$2:$B$11)} -> Bandung | M20: Jawa Barat | N20: 40111 | O20: {=_xlfn.XLOOKUP(M20,reference_postal_code!$B$2:$B$11,reference_postal_code!$A$2:$A$11)} -> 40111 | P20: West | Q20: FUR-FU-10000965 | R20: Furniture | S20: Furnishings | T20: Lampu Meja 7242 | U20: 779100 | V20: 1 | W20: 0 | X20: 319431
A21: 866 | B21: IDN-2014-149020 | C21: 41649 | E21: =IF(D21="", C21+3, D21) -> 41652 | F21: Standard Class | G21: WM-4177 | H21: Wulan Mardhiyah | I21: Corporate | J21: Indonesia | K21: Bandung | L21: {=_xlfn.XLOOKUP(M21,reference_province_to_city!$A$2:$A$11,reference_province_to_city!$B$2:$B$11)} -> Bandung | M21: Jawa Barat | N21: 40111 | O21: {=_xlfn.XLOOKUP(M21,reference_postal_code!$B$2:$B$11,reference_postal_code!$A$2:$A$11)} -> 40111 | P21: West | Q21: OFF-LA-10004272 | R21: Office Supplies | S21: Labels | T21: Label Stiker 5752 | U21: 43350 | V21: 1 | W21: 0 | X21: 20374
A22: 717 | B22: IDN-2014-130092 | C22: 41650 | D22: 41653 | E22: =IF(D22="", C22+3, D22) -> 41653 | F22: First Class | G22: AH-8588 | H22: Azalea Haryanto | I22: Consumer | J22: Indonesia | K22: Denpasar | L22: {=_xlfn.XLOOKUP(M22,reference_province_to_city!$A$2:$A$11,reference_province_to_city!$B$2:$B$11)} -> Denpasar | M22: Bali | N22: 80231 | O22: {=_xlfn.XLOOKUP(M22,reference_postal_code!$B$2:$B$11,reference_postal_code!$A$2:$A$11)} -> 80231 | P22: South | Q22: FUR-FU-10000010 | R22: Furniture | S22: Furnishings | T22: Karpet Kantor 9473 | U22: 149100 | V22: 2 | W22: 0 | X22: 46221
A23: 9629 | B23: IDN-2014-118192 | C23: 41652 | D23: 41657 | E23: =IF(D23="", C23+3, D23) -> 41657 | F23: Standard Class | G23: HPJ-5188 | H23: Hj. Puti Jailani | I23: Consumer | J23: Indonesia | K23: Surabaya | L23: {=_xlfn.XLOOKUP(M23,reference_province_to_city!$A$2:$A$11,reference_province_to_city!$B$2:$B$11)} -> Surabaya | M23: Jawa Timur | N23: 60231 | O23: {=_xlfn.XLOOKUP(M23,reference_postal_code!$B$2:$B$11,reference_postal_code!$A$2:$A$11)} -> 60231 | P23: East | Q23: OFF-PA-10002947 | R23: Office Supplies | S23: Paper | T23: Kertas Foto 9455 | U23: 561120 | V23: 7 | W23: 0.2 | X23: 196392
A24: 765 | B24: IDN-2014-162775 | C24: 41652 | D24: 41654 | E24: =IF(D24="", C24+3, D24) -> 41654 | F24: Second Class | G24: JW-2895 | H24: Jaswadi Wahyudin | I24: Corporate | J24: Indonesia | K24: Makassar | L24: {=_xlfn.XLOOKUP(M24,reference_province_to_city!$A$2:$A$11,reference_province_to_city!$B$2:$B$11)} -> Makassar | M24: Sulawesi Selatan | N24: 90111 | O24: {=_xlfn.XLOOKUP(M24,reference_postal_code!$B$2:$B$11,reference_postal_code!$A$2:$A$11)} -> 90111 | P24: South | Q24: OFF-EN-10001532 | R24: Office Supplies | S24: Envelopes | T24: Amplop Putih 9241 | U24: 764100 | V24: 3 | W24: 0 | X24: 382050
A25: 9630 | B25: IDN-2014-118192 | C25: 41652 | E25: =IF(D25="", C25+3, D25) -> 41655 | F25: Standard Class | G25: HPJ-5188 | H25: Hj. Puti Jailani | I25: Consumer | J25: Indonesia | K25: Surabaya | L25: {=_xlfn.XLOOKUP(M25,reference_province_to_city!$A$2:$A$11,reference_province_to_city!$B$2:$B$11)} -> Surabaya | M25: Jawa Timur | N25: 60231 | O25: {=_xlfn.XLOOKUP(M25,reference_postal_code!$B$2:$B$11,reference_postal_code!$A$2:$A$11)} -> 60231 | P25: East | Q25: OFF-BI-10003476 | R25: Office Supplies | S25: Binders | T25: Binder Kancing A4 8011 | U25: 51570 | V25: 2 | W25: 0.7 | X25: -37818
A26: 4940 | B26: IDN-2014-157147 | C26: 41652 | D26: 41657 | E26: =IF(D26="", C26+3, D26) -> 41657 | F26: Standard Class | G26: YG-2912 | H26: Yessi Gunawan | I26: Consumer | J26: Indonesia | K26: Yogyakarta | L26: {=_xlfn.XLOOKUP(M26,reference_province_to_city!$A$2:$A$11,reference_province_to_city!$B$2:$B$11)} -> Yogyakarta | M26: DI Yogyakarta | N26: 55111 | O26: {=_xlfn.XLOOKUP(M26,reference_postal_code!$B$2:$B$11,reference_postal_code!$A$2:$A$11)} -> 55111 | P26: Central | Q26: OFF-AR-10003514 | R26: Office Supplies | S26: Art | T26: Poster Ilustrasi 5747 | U26: 298500 | V26: 5 | W26: 0 | X26: 98505
A27: 4939 | B27: IDN-2014-157147 | C27: 41652 | D27: 41657 | E27: =IF(D27="", C27+3, D27) -> 41657 | F27: Standard Class | G27: YG-2912 | H27: Yessi Gunawan | I27: Consumer | J27: Indonesia | K27: Yogyakarta | L27: {=_xlfn.XLOOKUP(M27,reference_province_to_city!$A$2:$A$11,reference_province_to_city!$B$2:$B$11)} -> Yogyakarta | M27: DI Yogyakarta | N27: 55111 | O27: {=_xlfn.XLOOKUP(M27,reference_postal_code!$B$2:$B$11,reference_postal_code!$A$2:$A$11)} -> 55111 | P27: Central | Q27: FUR-BO-10003034 | R27: Furniture | S27: Bookcases | T27: Rak Buku Kayu 8148 | U27: 5009985 | V27: 3 | W27: 0.15 | X27: 58941
A28: 768 | B28: IDN-2014-162775 | C28: 41652 | D28: 41654 | E28: =IF(D28="", C28+3, D28) -> 41654 | F28: Second Class | G28: JW-2895 | H28: Jaswadi Wahyudin | I28: Corporate | J28: Indonesia | K28: Makassar | L28: {=_xlfn.XLOOKUP(M28,reference_province_to_city!$A$2:$A$11,reference_province_to_city!$B$2:$B$11)} -> Makassar | M28: Sulawesi Selatan | N28: 90111 | O28: {=_xlfn.XLOOKUP(M28,reference_postal_code!$B$2:$B$11,reference_postal_code!$A$2:$A$11)} -> 90111 | P28: South | Q28: OFF-ST-10000025 | R28: Office Supplies | S28: Storage | T28: Rak Dokumen 5610 | U28: 8588700 | V28: 6 | W28: 0 | X28: 515322
A29: 2979 | B29: IDN-2014-109232 | C29: 41652 | D29: 41655 | E29: =IF(D29="", C29+3, D29) -> 41655 | F29: Second Class | G29: MB-8431 | H29: Mursita Budiyanto | I29: Consumer | J29: Indonesia | K29: Makassar | L29: {=_xlfn.XLOOKUP(M29,reference_province_to_city!$A$2:$A$11,reference_province_to_city!$B$2:$B$11)} -> Makassar | M29: Sulawesi Selatan | N29: 90111 | O29: {=_xlfn.XLOOKUP(M29,reference_postal_code!$B$2:$B$11,reference_postal_code!$A$2:$A$11)} -> 90111 | P29: South | Q29: FUR-CH-10000422 | R29: Furniture | S29: Chairs | T29: Kursi Lipat 8795 | U29: 8189100 | V29: 6 | W29: 0 | X29: 1310256
A30: 764 | B30: IDN-2014-162775 | C30: 41652 | D30: 41654 | E30: =IF(D30="", C30+3, D30) -> 41654 | F30: Second Class | G30: JW-2895 | H30: Jaswadi Wahyudin | I30: Corporate | J30: Indonesia | K30: Makassar | L30: {=_xlfn.XLOOKUP(M30,reference_province_to_city!$A$2:$A$11,reference_province_to_city!$B$2:$B$11)} -> Makassar | M30: Sulawesi Selatan | N30: 90111 | O30: {=_xlfn.XLOOKUP(M30,reference_postal_code!$B$2:$B$11,reference_postal_code!$A$2:$A$11)} -> 90111 | P30: South | Q30: OFF-EN-10001990 | R30: Office Supplies | S30: Envelopes | T30: Amplop Coklat 2012 | U30: 170400 | V30: 2 | W30: 0 | X30: 80088
A31: 4938 | B31: IDN-2014-157147 | C31: 41652 | D31: 41657 | E31: =IF(D31="", C31+3, D31) -> 41657 | F31: Standard Class | G31: YG-2912 | H31: Yessi Gunawan | I31: Consumer | J31: Indonesia | K31: Yogyakarta | L31: {=_xlfn.XLOOKUP(M31,reference_province_to_city!$A$2:$A$11,reference_province_to_city!$B$2:$B$11)} -> Yogyakarta | M31: DI Yogyakarta | N31: 55111 | O31: {=_xlfn.XLOOKUP(M31,reference_postal_code!$B$2:$B$11,reference_postal_code!$A$2:$A$11)} -> 55111 | P31: Central | Q31: OFF-ST-10000078 | R31: Office Supplies | S31: Storage | T31: Rak Dokumen 9769 | U31: 19887750 | V31: 5 | W31: 0 | X31: 3579795
A32: 767 | B32: IDN-2014-162775 | C32: 41652 | D32: 41654 | E32: =IF(D32="", C32+3, D32) -> 41654 | F32: Second Class | G32: JW-2895 | H32: Jaswadi Wahyudin | I32: Corporate | J32: Indonesia | K32: Makassar | L32: {=_xlfn.XLOOKUP(M32,reference_province_to_city!$A$2:$A$11,reference_province_to_city!$B$2:$B$11)} -> Makassar | M32: Sulawesi Selatan | N32: 90111 | O32: {=_xlfn.XLOOKUP(M32,reference_postal_code!$B$2:$B$11,reference_postal_code!$A$2:$A$11)} -> 90111 | P32: South | Q32: OFF-BI-10004187 | R32: Office Supplies | S32: Binders | T32: Binder Plastik A4 5908 | U32: 84600 | V32: 3 | W32: 0 | X32: 40608
A33: 766 | B33: IDN-2014-162775 | C33: 41652 | D33: 41654 | E33: =IF(D33="", C33+3, D33) -> 41654 | F33: Second Class | G33: JW-2895 | H33: Jaswadi Wahyudin | I33: Corporate | J33: Indonesia | K33: Makassar | L33: {=_xlfn.XLOOKUP(M33,reference_province_to_city!$A$2:$A$11,reference_province_to_city!$B$2:$B$11)} -> Makassar | M33: Sulawesi Selatan | N33: 90111 | O33: {=_xlfn.XLOOKUP(M33,reference_postal_code!$B$2:$B$11,reference_postal_code!$A$2:$A$11)} -> 90111 | P33: South | Q33: TEC-AC-10003174 | R33: Technology | S33: Accessories | T33: Headset 0423 | U33: 9701100 | V33: 6 | W33: 0 | X33: 3880440
A34: 6475 | B34: IDN-2014-149524 | C34: 41653 | D34: 41654 | E34: =IF(D34="", C34+3, D34) -> 41654 | F34: First Class | G34: SKPS-6667 | H34: Sutan Kasusra Prayoga, S.IP | I34: Corporate | J34: Indonesia | K34: Palembang | L34: {=_xlfn.XLOOKUP(M34,reference_province_to_city!$A$2:$A$11,reference_province_to_city!$B$2:$B$11)} -> Palembang | M34: Sumatera Selatan | N34: 30111 | O34: {=_xlfn.XLOOKUP(M34,reference_postal_code!$B$2:$B$11,reference_postal_code!$A$2:$A$11)} -> 30111 | P34: Central | Q34: FUR-BO-10003433 | R34: Furniture | S34: Bookcases | T34: Rak Buku Besi 9995 | U34: 929400 | V34: 4 | W34: 0.5 | X34: -799284
A35: 1914 | B35: IDN-2014-103366 | C35: 41654 | D35: 41656 | E35: =IF(D35="", C35+3, D35) -> 41656 | F35: First Class | G35: DSM-1764 | H35: Dewi Salahudin, M.Pd | I35: Consumer | J35: Indonesia | K35: Surabaya | L35: {=_xlfn.XLOOKUP(M35,reference_province_to_city!$A$2:$A$11,reference_province_to_city!$B$2:$B$11)} -> Surabaya | M35: Jawa Timur | N35: 60231 | O35: {=_xlfn.XLOOKUP(M35,reference_postal_code!$B$2:$B$11,reference_postal_code!$A$2:$A$11)} -> 60231 | P35: East | Q35: TEC-AC-10003628 | R35: Technology | S35: Accessories | T35: Flashdisk 4202 | U35: 2249250 | V35: 5 | W35: 0 | X35: 989670
A36: 971 | B36: IDN-2014-115791 | C36: 41655 | D36: 41657 | E36: =IF(D36="", C36+3, D36) -> 41657 | F36: Second Class | G36: SH-2227 | H36: Sarah Haryanti | I36: Consumer | J36: Indonesia | K36: Bandung | L36: {=_xlfn.XLOOKUP(M36,reference_province_to_city!$A$2:$A$11,reference_province_to_city!$B$2:$B$11)} -> Bandung | M36: Jawa Barat | N36: 40111 | O36: {=_xlfn.XLOOKUP(M36,reference_postal_code!$B$2:$B$11,reference_postal_code!$A$2:$A$11)} -> 40111 | P36: West | Q36: FUR-FU-10001095 | R36: Furniture | S36: Furnishings | T36: Lampu Meja 5088 | U36: 1906560 | V36: 6 | W36: 0.2 | X36: 428976
A37: 972 | B37: IDN-2014-115791 | C37: 41655 | D37: 41657 | E37: =IF(D37="", C37+3, D37) -> 41657 | F37: Second Class | G37: SH-2227 | H37: Sarah Haryanti | I37: Consumer | J37: Indonesia | K37: Bandung | L37: {=_xlfn.XLOOKUP(M37,reference_province_to_city!$A$2:$A$11,reference_province_to_city!$B$2:$B$11)} -> Bandung | M37: Jawa Barat | N37: 40111 | O37: {=_xlfn.XLOOKUP(M37,reference_postal_code!$B$2:$B$11,reference_postal_code!$A$2:$A$11)} -> 40111 | P37: West | Q37: TEC-PH-10004614 | R37: Technology | S37: Phones | T37: Smartphone Android 9250 | U37: 1863000 | V37: 3 | W37: 0.4 | X37: -465750
... A60: 6332 | B60: IDN-2014-167927 | C60: 41659 | D60: 41665 | E60: =IF(D60="", C60+3, D60) -> 41665 | F60: Standard Class | G60: FTS-1955 | H60: Fitriani Tamba, S.Kom | I60: Consumer | J60: Indonesia | K60: Jakarta | L60: {=_xlfn.XLOOKUP(M60,reference_province_to_city!$A$2:$A$11,reference_province_to_city!$B$2:$B$11)} -> Jakarta | M60: DKI Jakarta | N60: 10110 | O60: {=_xlfn.XLOOKUP(M60,reference_postal_code!$B$2:$B$11,reference_postal_code!$A$2:$A$11)} -> 10110 | P60: West | Q60: OFF-AR-10004456 | R60: Office Supplies | S60: Art | T60: Lukisan Cat Air 0913 | U60: 658800 | V60: 3 | W60: 0 | X60: 191052
A61: 1123 | B61: IDN-2014-147627 | C61: 41659 | D61: 41665 | E61: =IF(D61="", C61+3, D61) -> 41665 | F61: Standard Class | G61: DDSS-4488 | H61: drg. Dartono Suryatmi, S.Pt | I61: Consumer | J61: Indonesia | L61: {=_xlfn.XLOOKUP(M61,reference_province_to_city!$A$2:$A$11,reference_province_to_city!$B$2:$B$11)} -> Surabaya | M61: Jawa Timur | N61: 60231 | O61: {=_xlfn.XLOOKUP(M61,reference_postal_code!$B$2:$B$11,reference_postal_code!$A$2:$A$11)} -> 60231 | P61: East | Q61: OFF-AR-10002375 | R61: Office Supplies | S61: Art | T61: Kaligrafi Dinding 6594 | U61: 344400 | V61: 7 | W61: 0 | X61: 99876
A62: 9990 | B62: IDN-2014-110422 | C62: 41660 | D62: 41662 | E62: =IF(D62="", C62+3, D62) -> 41662 | F62: Second Class | G62: DSMS-5102 | H62: Dr. Salsabila Maryati, S.T. | I62: Consumer | J62: Indonesia | K62: medan | L62: {=_xlfn.XLOOKUP(M62,reference_province_to_city!$A$2:$A$11,reference_province_to_city!$B$2:$B$11)} -> Medan | M62: Sumatera Utara | N62: 20111 | O62: {=_xlfn.XLOOKUP(M62,reference_postal_code!$B$2:$B$11,reference_postal_code!$A$2:$A$11)} -> 20111 | P62: Central | Q62: FUR-FU-10001889 | R62: Furniture | S62: Furnishings | T62: Karpet Kantor 8703 | U62: 378720 | V62: 3 | W62: 0.2 | X62: 61542
A63: 9887 | B63: IDN-2014-146997 | C63: 41662 | D63: 41666 | E63: =IF(D63="", C63+3, D63) -> 41666 | F63: Standard Class | G63: JP-2861 | H63: Jessica Pudjiastuti | I63: Consumer | J63: Indonesia | K63: Bandung | L63: {=_xlfn.XLOOKUP(M63,reference_province_to_city!$A$2:$A$11,reference_province_to_city!$B$2:$B$11)} -> Bandung | M63: Jawa Barat | N63: 40111 | O63: {=_xlfn.XLOOKUP(M63,reference_postal_code!$B$2:$B$11,reference_postal_code!$A$2:$A$11)} -> 40111 | P63: West | Q63: OFF-FA-10003467 | R63: Office Supplies | S63: Fasteners | T63: Penjepit Kertas 9955 | U63: 89100 | V63: 3 | W63: 0 | X63: 0
A64: 9156 | B64: IDN-2014-102645 | C64: 41662 | D64: 41667 | E64: =IF(D64="", C64+3, D64) -> 41667 | F64: Standard Class | G64: NP-2969 | H64: Najib Pratama | I64: Consumer | J64: Indonesia | K64: Jakarta | L64: {=_xlfn.XLOOKUP(M64,reference_province_to_city!$A$2:$A$11,reference_province_to_city!$B$2:$B$11)} -> Jakarta | M64: DKI Jakarta | N64: 10110 | O64: {=_xlfn.XLOOKUP(M64,reference_postal_code!$B$2:$B$11,reference_postal_code!$A$2:$A$11)} -> 10110 | P64: West | Q64: OFF-PA-10001804 | R64: Office Supplies | S64: Paper | T64: Kertas Foto 6592 | U64: 601200 | V64: 6 | W64: 0 | X64: 288576
A65: 2583 | B65: IDN-2014-155502 | C65: 41665 | D65: 41670 | E65: =IF(D65="", C65+3, D65) -> 41670 | F65: Standard Class | G65: HP-4183 | H65: Harto Purwanti | I65: Home Office | J65: Indonesia | L65: {=_xlfn.XLOOKUP(M65,reference_province_to_city!$A$2:$A$11,reference_province_to_city!$B$2:$B$11)} -> Makassar | M65: Sulawesi Selatan | O65: {=_xlfn.XLOOKUP(M65,reference_postal_code!$B$2:$B$11,reference_postal_code!$A$2:$A$11)} -> 90111 | P65: South | Q65: TEC-PH-10004833 | R65: Technology | S65: Phones | T65: Feature Phone Dual SIM 3552 | U65: 2330250 | V65: 13 | W65: 0 | X65: 0
A66: 8151 | B66: IDN-2014-167997 | C66: 41665 | D66: 41668 | E66: =IF(D66="", C66+3, D66) -> 41668 | F66: First Class | G66: DY-7007 | H66: Darman Yuliarti | I66: Corporate | J66: Indonesia | K66: Surabaya | L66: {=_xlfn.XLOOKUP(M66,reference_province_to_city!$A$2:$A$11,reference_province_to_city!$B$2:$B$11)} -> Surabaya | M66: Jawa Timur | N66: 60231 | O66: {=_xlfn.XLOOKUP(M66,reference_postal_code!$B$2:$B$11,reference_postal_code!$A$2:$A$11)} -> 60231 | P66: East | Q66: FUR-BO-10004409 | R66: Furniture | S66: Bookcases | T66: Rak Buku Besi 9929 | U66: 2129400 | V66: 2 | W66: 0 | X66: 596232
A67: 2581 | B67: IDN-2014-155502 | C67: 41665 | D67: 41670 | E67: =IF(D67="", C67+3, D67) -> 41670 | F67: Standard Class | G67: HP-4183 | H67: Harto Purwanti | I67: Home Office | J67: Indonesia | K67: Makassar | L67: {=_xlfn.XLOOKUP(M67,reference_province_to_city!$A$2:$A$11,reference_province_to_city!$B$2:$B$11)} -> Makassar | M67: Sulawesi Selatan | N67: 90111 | O67: {=_xlfn.XLOOKUP(M67,reference_postal_code!$B$2:$B$11,reference_postal_code!$A$2:$A$11)} -> 90111 | P67: South | Q67: OFF-PA-10003072 | R67: Office Supplies | S67: Paper | T67: Kertas HVS A4 1914 | U67: 291600 | V67: 3 | W67: 0 | X67: 139968
A68: 2579 | B68: IDN-2014-155502 | C68: 41665 | D68: 41670 | E68: =IF(D68="", C68+3, D68) -> 41670 | F68: Standard Class | G68: HP-4183 | H68: Harto Purwanti | I68: Home Office | J68: Indonesia | K68: Makassar | L68: {=_xlfn.XLOOKUP(M68,reference_province_to_city!$A$2:$A$11,reference_province_to_city!$B$2:$B$11)} -> Makassar | M68: Sulawesi Selatan | N68: 90111 | O68: {=_xlfn.XLOOKUP(M68,reference_postal_code!$B$2:$B$11,reference_postal_code!$A$2:$A$11)} -> 90111 | P68: South | Q68: FUR-FU-10004587 | R68: Furniture | S68: Furnishings | T68: Lampu Meja 7079 | U68: 942300 | V68: 3 | W68: 0 | X68: 461727
A69: 8150 | B69: IDN-2014-167997 | C69: 41665 | D69: 41668 | E69: =IF(D69="", C69+3, D69) -> 41668 | F69: First Class | G69: DY-7007 | H69: Darman Yuliarti | I69: Corporate | J69: Indonesia | K69: Surabaya | L69: {=_xlfn.XLOOKUP(M69,reference_province_to_city!$A$2:$A$11,reference_province_to_city!$B$2:$B$11)} -> Surabaya | M69: Jawa Timur | N69: 60231 | O69: {=_xlfn.XLOOKUP(M69,reference_postal_code!$B$2:$B$11,reference_postal_code!$A$2:$A$11)} -> 60231 | P69: East | Q69: OFF-BI-10001758 | R69: Office Supplies | S69: Binders | T69: Binder Kancing A4 3695 | U69: 160200 | V69: 2 | W69: 0 | X69: 75294
A70: 2584 | B70: IDN-2014-155502 | C70: 41665 | D70: 41670 | E70: =IF(D70="", C70+3, D70) -> 41670 | F70: Standard Class | G70: HP-4183 | H70: Harto Purwanti | I70: Home Office | J70: Indonesia | K70: Makassar | L70: {=_xlfn.XLOOKUP(M70,reference_province_to_city!$A$2:$A$11,reference_province_to_city!$B$2:$B$11)} -> Makassar | M70: Sulawesi Selatan | N70: 90111 | O70: {=_xlfn.XLOOKUP(M70,reference_postal_code!$B$2:$B$11,reference_postal_code!$A$2:$A$11)} -> 90111 | P70: South | Q70: FUR-FU-10001847 | R70: Furniture | S70: Furnishings | T70: Karpet Kantor 2389 | U70: 186300 | V70: 3 | W70: 0 | X70: 67068
A71: 2582 | B71: IDN-2014-155502 | C71: 41665 | D71: 41670 | E71: =IF(D71="", C71+3, D71) -> 41670 | F71: Standard Class | G71: HP-4183 | H71: Harto Purwanti | I71: Home Office | J71: Indonesia | K71: Makassar | L71: {=_xlfn.XLOOKUP(M71,reference_province_to_city!$A$2:$A$11,reference_province_to_city!$B$2:$B$11)} -> Makassar | M71: Sulawesi Selatan | N71: 90111 | O71: {=_xlfn.XLOOKUP(M71,reference_postal_code!$B$2:$B$11,reference_postal_code!$A$2:$A$11)} -> 90111 | P71: South | Q71: OFF-PA-10000380 | R71: Office Supplies | S71: Paper | T71: Kertas HVS F4 5809 | U71: 250200 | V71: 2 | W71: 0 | X71: 125100
A72: 2580 | B72: IDN-2014-155502 | C72: 41665 | D72: 41670 | E72: =IF(D72="", C72+3, D72) -> 41670 | F72: Standard Class | G72: HP-4183 | H72: Harto Purwanti | I72: Home Office | J72: Indonesia | K72: Makassar | L72: {=_xlfn.XLOOKUP(M72,reference_province_to_city!$A$2:$A$11,reference_province_to_city!$B$2:$B$11)} -> Makassar | M72: Sulawesi Selatan | N72: 90111 | O72: {=_xlfn.XLOOKUP(M72,reference_postal_code!$B$2:$B$11,reference_postal_code!$A$2:$A$11)} -> 90111 | P72: South | Q72: OFF-ST-10004337 | R72: Office Supplies | S72: Storage | T72: Lemari Arsip 4524 | U72: 7348800 | V72: 8 | W72: 0 | X72: 0
A73: 2585 | B73: IDN-2014-155502 | C73: 41665 | D73: 41670 | E73: =IF(D73="", C73+3, D73) -> 41670 | F73: Standard Class | G73: HP-4183 | H73: Harto Purwanti | I73: Home Office | J73: Indonesia | K73: Makassar | L73: {=_xlfn.XLOOKUP(M73,reference_province_to_city!$A$2:$A$11,reference_province_to_city!$B$2:$B$11)} -> Makassar | M73: Sulawesi Selatan | N73: 90111 | O73: {=_xlfn.XLOOKUP(M73,reference_postal_code!$B$2:$B$11,reference_postal_code!$A$2:$A$11)} -> 90111 | P73: South | Q73: TEC-PH-10002103 | R73: Technology | S73: Phones | T73: Smartphone Android 2208 | U73: 2819700 | V73: 2 | W73: 0 | X73: 789516
A74: 3795 | B74: IDN-2014-117163 | C74: 41666 | D74: 41672 | E74: =IF(D74="", C74+3, D74) -> 41672 | F74: Standard Class | G74: IOAS-8797 | H74: Ir. Opung Anggraini, S.Sos | I74: Consumer | J74: Indonesia | K74: Palembang | L74: {=_xlfn.XLOOKUP(M74,reference_province_to_city!$A$2:$A$11,reference_province_to_city!$B$2:$B$11)} -> Palembang | M74: Sumatera Selatan | N74: 30111 | O74: {=_xlfn.XLOOKUP(M74,reference_postal_code!$B$2:$B$11,reference_postal_code!$A$2:$A$11)} -> 30111 | P74: Central | Q74: OFF-ST-10003692 | R74: Office Supplies | S74: Storage | T74: Lemari Arsip 3040 | U74: 858450 | V74: 1 | W74: 0 | X74: 214612
A75: 3797 | B75: IDN-2014-117163 | C75: 41666 | D75: 41672 | E75: =IF(D75="", C75+3, D75) -> 41672 | F75: Standard Class | G75: IOAS-8797 | H75: Ir. Opung Anggraini, S.Sos | I75: Consumer | J75: Indonesia | K75: Palembang | L75: {=_xlfn.XLOOKUP(M75,reference_province_to_city!$A$2:$A$11,reference_province_to_city!$B$2:$B$11)} -> Palembang | M75: Sumatera Selatan | N75: 30111 | O75: {=_xlfn.XLOOKUP(M75,reference_postal_code!$B$2:$B$11,reference_postal_code!$A$2:$A$11)} -> 30111 | P75: Central | Q75: OFF-AR-10003179 | R75: Office Supplies | S75: Art | T75: Lukisan Cat Air 6821 | U75: 546600 | V75: 4 | W75: 0 | X75: 180378
A76: 3796 | B76: IDN-2014-117163 | C76: 41666 | D76: 41672 | E76: =IF(D76="", C76+3, D76) -> 41672 | F76: Standard Class | G76: IOAS-8797 | H76: Ir. Opung Anggraini, S.Sos | I76: Consumer | J76: Indonesia | K76: Palembang | L76: {=_xlfn.XLOOKUP(M76,reference_province_to_city!$A$2:$A$11,reference_province_to_city!$B$2:$B$11)} -> Palembang | M76: Sumatera Selatan | N76: 30111 | O76: {=_xlfn.XLOOKUP(M76,reference_postal_code!$B$2:$B$11,reference_postal_code!$A$2:$A$11)} -> 30111 | P76: Central | Q76: FUR-TA-10003469 | R76: Furniture | S76: Tables | T76: Meja Kerja 7893 | U76: 4995000 | V76: 3 | W76: 0.2 | X76: -249750
A77: 3084 | B77: IDN-2014-100328 | C77: 41667 | D77: 41673 | E77: =IF(D77="", C77+3, D77) -> 41673 | F77: Standard Class | G77: TBHM-4594 | H77: Tgk. Balapati Hutasoit, M.Farm | I77: Consumer | J77: Indonesia | K77: Palembang | L77: {=_xlfn.XLOOKUP(M77,reference_province_to_city!$A$2:$A$11,reference_province_to_city!$B$2:$B$11)} -> Palembang | M77: Sumatera Selatan | N77: 30111 | O77: {=_xlfn.XLOOKUP(M77,reference_postal_code!$B$2:$B$11,reference_postal_code!$A$2:$A$11)} -> 30111 | P77: Central | Q77: OFF-BI-10000343 | R77: Office Supplies | S77: Binders | T77: Binder Plastik A4 3548 | U77: 58920 | V77: 1 | W77: 0.2 | X77: 19885
... A87: 1545 | B87: IDN-2014-107181 | C87: 41674 | D87: 41678 | E87: =IF(D87="", C87+3, D87) -> 41678 | F87: Standard Class | G87: HH-4119 | H87: Hani Hutagalung | I87: Home Office | J87: Indonesia | K87: Palembang | L87: {=_xlfn.XLOOKUP(M87,reference_province_to_city!$A$2:$A$11,reference_province_to_city!$B$2:$B$11)} -> Palembang | M87: Sumatera Selatan | N87: 30111 | O87: {=_xlfn.XLOOKUP(M87,reference_postal_code!$B$2:$B$11,reference_postal_code!$A$2:$A$11)} -> 30111 | P87: Central | Q87: OFF-PA-10000350 | R87: Office Supplies | S87: Paper | T87: Kertas HVS F4 0917 | U87: 513600 | V87: 4 | W87: 0 | X87: 241392
A88: 1544 | B88: IDN-2014-107181 | C88: 41674 | D88: 41678 | E88: =IF(D88="", C88+3, D88) -> 41678 | F88: Standard Class | G88: HH-4119 | H88: Hani Hutagalung | I88: Home Office | J88: Indonesia | L88: {=_xlfn.XLOOKUP(M88,reference_province_to_city!$A$2:$A$11,reference_province_to_city!$B$2:$B$11)} -> Palembang | M88: Sumatera Selatan | N88: 30111 | O88: {=_xlfn.XLOOKUP(M88,reference_postal_code!$B$2:$B$11,reference_postal_code!$A$2:$A$11)} -> 30111 | P88: Central | Q88: OFF-BI-10004230 | R88: Office Supplies | S88: Binders | T88: Binder Kancing A4 1171 | U88: 1243440 | V88: 3 | W88: 0.2 | X88: 435204
A89: 8585 | B89: IDN-2014-104808 | C89: 41674 | D89: 41678 | E89: =IF(D89="", C89+3, D89) -> 41678 | F89: Second Class | G89: TSH-1517 | H89: Tgk. Sakti Hasanah | I89: Corporate | J89: Indonesia | K89: Yogyakarta | L89: {=_xlfn.XLOOKUP(M89,reference_province_to_city!$A$2:$A$11,reference_province_to_city!$B$2:$B$11)} -> Yogyakarta | M89: DI Yogyakarta | N89: 55111 | O89: {=_xlfn.XLOOKUP(M89,reference_postal_code!$B$2:$B$11,reference_postal_code!$A$2:$A$11)} -> 55111 | P89: Central | Q89: OFF-BI-10003676 | R89: Office Supplies | S89: Binders | T89: Binder Plastik A4 0500 | U89: 258720 | V89: 2 | W89: 0.2 | X89: 90552
A90: 1998 | B90: IDN-2014-131905 | C90: 41676 | D90: 41679 | E90: =IF(D90="", C90+3, D90) -> 41679 | F90: First Class | G90: JS-9023 | H90: Jamalia Suryatmi | I90: Corporate | J90: Indonesia | K90: Jakarta | L90: {=_xlfn.XLOOKUP(M90,reference_province_to_city!$A$2:$A$11,reference_province_to_city!$B$2:$B$11)} -> Jakarta | M90: DKI Jakarta | N90: 10110 | O90: {=_xlfn.XLOOKUP(M90,reference_postal_code!$B$2:$B$11,reference_postal_code!$A$2:$A$11)} -> 10110 | P90: West | Q90: OFF-LA-10002787 | R90: Office Supplies | S90: Labels | T90: Label Stiker 1930 | U90: 225000 | V90: 4 | W90: 0 | X90: 108000
A91: 2000 | B91: IDN-2014-131905 | C91: 41676 | D91: 41679 | E91: =IF(D91="", C91+3, D91) -> 41679 | F91: First Class | G91: JS-9023 | H91: Jamalia Suryatmi | I91: Corporate | J91: Indonesia | K91: Jakarta | L91: {=_xlfn.XLOOKUP(M91,reference_province_to_city!$A$2:$A$11,reference_province_to_city!$B$2:$B$11)} -> Jakarta | M91: DKI Jakarta | N91: 10110 | O91: {=_xlfn.XLOOKUP(M91,reference_postal_code!$B$2:$B$11,reference_postal_code!$A$2:$A$11)} -> 10110 | P91: West | Q91: TEC-PH-10001615 | R91: Technology | S91: Phones | T91: Feature Phone Dual SIM 1889 | U91: 2174250 | V91: 5 | W91: 0 | X91: 630532
A92: 1999 | B92: IDN-2014-131905 | C92: 41676 | D92: 41679 | E92: =IF(D92="", C92+3, D92) -> 41679 | F92: First Class | G92: JS-9023 | H92: Jamalia Suryatmi | I92: Corporate | J92: Indonesia | K92: Jakarta | L92: {=_xlfn.XLOOKUP(M92,reference_province_to_city!$A$2:$A$11,reference_province_to_city!$B$2:$B$11)} -> Jakarta | M92: DKI Jakarta | N92: 10110 | O92: {=_xlfn.XLOOKUP(M92,reference_postal_code!$B$2:$B$11,reference_postal_code!$A$2:$A$11)} -> 10110 | P92: West | Q92: TEC-PH-10003645 | R92: Technology | S92: Phones | T92: Feature Phone Dual SIM 3617 | U92: 2424150 | V92: 1 | W92: 0 | X92: 630279
A93: 8981 | B93: IDN-2014-108182 | C93: 41676 | D93: 41680 | E93: =IF(D93="", C93+3, D93) -> 41680 | F93: Second Class | G93: SH-2227 | H93: Sarah Haryanti | I93: Consumer | J93: Indonesia | K93: Bandung | L93: {=_xlfn.XLOOKUP(M93,reference_province_to_city!$A$2:$A$11,reference_province_to_city!$B$2:$B$11)} -> Bandung | M93: Jawa Barat | O93: {=_xlfn.XLOOKUP(M93,reference_postal_code!$B$2:$B$11,reference_postal_code!$A$2:$A$11)} -> 40111 | P93: West | Q93: OFF-BI-10001196 | R93: Office Supplies | S93: Binders | T93: Binder Kulit A4 9009 | U93: 134280 | V93: 2 | W93: 0.8 | X93: -221562
A94: 8736 | B94: IDN-2014-169390 | C94: 41677 | D94: 41680 | E94: =IF(D94="", C94+3, D94) -> 41680 | F94: Second Class | G94: JW-2895 | H94: Jaswadi Wahyudin | I94: Corporate | J94: Indonesia | K94: Makassar | L94: {=_xlfn.XLOOKUP(M94,reference_province_to_city!$A$2:$A$11,reference_province_to_city!$B$2:$B$11)} -> Makassar | M94: Sulawesi Selatan | N94: 90111 | O94: {=_xlfn.XLOOKUP(M94,reference_postal_code!$B$2:$B$11,reference_postal_code!$A$2:$A$11)} -> 90111 | P94: South | Q94: OFF-ST-10001558 | R94: Office Supplies | S94: Storage | T94: Lemari Arsip 0133 | U94: 974400 | V94: 4 | W94: 0 | X94: 146160
A95: 850 | B95: IDN-2014-107755 | C95: 41677 | D95: 41682 | E95: =IF(D95="", C95+3, D95) -> 41682 | F95: Standard Class | G95: DL-4107 | H95: Daru Latupono | I95: Corporate | J95: Indonesia | K95: Semarang | L95: {=_xlfn.XLOOKUP(M95,reference_province_to_city!$A$2:$A$11,reference_province_to_city!$B$2:$B$11)} -> Semarang | M95: Jawa Tengah | N95: 50111 | O95: {=_xlfn.XLOOKUP(M95,reference_postal_code!$B$2:$B$11,reference_postal_code!$A$2:$A$11)} -> 50111 | P95: Central | Q95: TEC-AC-10000710 | R95: Technology | S95: Accessories | T95: Flashdisk 5762 | U95: 1730400 | V95: 7 | W95: 0 | X95: 744072
A96: 9267 | B96: IDN-2014-125759 | C96: 41678 | D96: 41679 | E96: =IF(D96="", C96+3, D96) -> 41679 | F96: First Class | G96: PPW-9175 | H96: Puti Paris Waluyo | I96: Home Office | J96: Indonesia | K96: Makassar | L96: {=_xlfn.XLOOKUP(M96,reference_province_to_city!$A$2:$A$11,reference_province_to_city!$B$2:$B$11)} -> Makassar | M96: Sulawesi Selatan | O96: {=_xlfn.XLOOKUP(M96,reference_postal_code!$B$2:$B$11,reference_postal_code!$A$2:$A$11)} -> 90111 | P96: South | Q96: FUR-FU-10002111 | R96: Furniture | S96: Furnishings | T96: Lampu Meja 2278 | U96: 218400 | V96: 2 | W96: 0 | X96: 82992
A97: 9259 | B97: IDN-2014-168368 | C97: 41681 | D97: 41685 | E97: =IF(D97="", C97+3, D97) -> 41685 | F97: Second Class | G97: BP-5183 | H97: Bakianto Puspasari | I97: Consumer | J97: Indonesia | K97: Yogyakarta | L97: {=_xlfn.XLOOKUP(M97,reference_province_to_city!$A$2:$A$11,reference_province_to_city!$B$2:$B$11)} -> Yogyakarta | M97: DI Yogyakarta | N97: 55111 | O97: {=_xlfn.XLOOKUP(M97,reference_postal_code!$B$2:$B$11,reference_postal_code!$A$2:$A$11)} -> 55111 | P97: Central | Q97: OFF-BI-10004654 | R97: Office Supplies | S97: Binders | T97: Binder Plastik A4 0604 | U97: 778500 | V97: 3 | W97: 0 | X97: 365895
A98: 5631 | B98: IDN-2014-127614 | C98: 41681 | D98: 41685 | E98: =IF(D98="", C98+3, D98) -> 41685 | F98: Standard Class | G98: KF-4550 | H98: Kenari Firmansyah | I98: Consumer | J98: Indonesia | K98: Medan | L98: {=_xlfn.XLOOKUP(M98,reference_province_to_city!$A$2:$A$11,reference_province_to_city!$B$2:$B$11)} -> Medan | M98: Sumatera Utara | N98: 20111 | O98: {=_xlfn.XLOOKUP(M98,reference_postal_code!$B$2:$B$11,reference_postal_code!$A$2:$A$11)} -> 20111 | P98: Central | Q98: TEC-AC-10001432 | R98: Technology | S98: Accessories | T98: Flashdisk 0018 | U98: 3516750 | V98: 3 | W98: 0 | X98: 1547370
A99: 9260 | B99: IDN-2014-168368 | C99: 41681 | D99: 41685 | E99: =IF(D99="", C99+3, D99) -> 41685 | F99: Second Class | G99: BP-5183 | H99: Bakianto Puspasari | I99: Consumer | J99: Indonesia | K99: Yogyakarta | L99: {=_xlfn.XLOOKUP(M99,reference_province_to_city!$A$2:$A$11,reference_province_to_city!$B$2:$B$11)} -> Yogyakarta | M99: DI Yogyakarta | N99: 55111 | O99: {=_xlfn.XLOOKUP(M99,reference_postal_code!$B$2:$B$11,reference_postal_code!$A$2:$A$11)} -> 55111 | P99: Central | Q99: OFF-ST-10002583 | R99: Office Supplies | S99: Storage | T99: Lemari Arsip 7965 | U99: 974400 | V99: 2 | W99: 0 | X99: 38976
A100: 5632 | B100: IDN-2014-127614 | C100: 41681 | D100: 41685 | E100: =IF(D100="", C100+3, D100) -> 41685 | F100: Standard Class | G100: KF-4550 | H100: Kenari Firmansyah | I100: Consumer | J100: Indonesia | K100: Medan | L100: {=_xlfn.XLOOKUP(M100,reference_province_to_city!$A$2:$A$11,reference_province_to_city!$B$2:$B$11)} -> Medan | M100: Sumatera Utara | N100: 20111 | O100: {=_xlfn.XLOOKUP(M100,reference_postal_code!$B$2:$B$11,reference_postal_code!$A$2:$A$11)} -> 20111 | P100: Central | Q100: FUR-TA-10003715 | R100: Furniture | S100: Tables | T100: Meja Kerja 5834 | U100: 18843300 | V100: 6 | W100: 0 | X100: 1130598
A101: 9257 | B101: IDN-2014-168368 | C101: 41681 | D101: 41685 | E101: =IF(D101="", C101+3, D101) -> 41685 | F101: Second Class | G101: BP-5183 | H101: Bakianto Puspasari | I101: Consumer | J101: Indonesia | K101: Yogyakarta | L101: {=_xlfn.XLOOKUP(M101,reference_province_to_city!$A$2:$A$11,reference_province_to_city!$B$2:$B$11)} -> Yogyakarta | M101: DI Yogyakarta | N101: 55111 | O101: {=_xlfn.XLOOKUP(M101,reference_postal_code!$B$2:$B$11,reference_postal_code!$A$2:$A$11)} -> 55111 | P101: Central | Q101: OFF-BI-10004728 | R101: Office Supplies | S101: Binders | T101: Binder Kulit A4 5685 | U101: 144600 | V101: 2 | W101: 0 | X101: 66516
A102: 5633 | B102: IDN-2014-127614 | C102: 41681 | D102: 41685 | E102: =IF(D102="", C102+3, D102) -> 41685 | F102: Standard Class | G102: KF-4550 | H102: Kenari Firmansyah | I102: Consumer | J102: Indonesia | K102: Medan | L102: {=_xlfn.XLOOKUP(M102,reference_province_to_city!$A$2:$A$11,reference_province_to_city!$B$2:$B$11)} -> Medan | M102: Sumatera Utara | N102: 20111 | O102: {=_xlfn.XLOOKUP(M102,reference_postal_code!$B$2:$B$11,reference_postal_code!$A$2:$A$11)} -> 20111 | P102: Central | Q102: OFF-BI-10003291 | R102: Office Supplies | S102: Binders | T102: Binder Kancing A4 1347 | U102: 261900 | V102: 2 | W102: 0 | X102: 123093
A103: 9256 | B103: IDN-2014-168368 | C103: 41681 | D103: 41685 | E103: =IF(D103="", C103+3, D103) -> 41685 | F103: Second Class | G103: BP-5183 | H103: Bakianto Puspasari | I103: Consumer | J103: Indonesia | K103: Yogyakarta | L103: {=_xlfn.XLOOKUP(M103,reference_province_to_city!$A$2:$A$11,reference_province_to_city!$B$2:$B$11)} -> Yogyakarta | M103: DI Yogyakarta | N103: 55111 | O103: {=_xlfn.XLOOKUP(M103,reference_postal_code!$B$2:$B$11,reference_postal_code!$A$2:$A$11)} -> 55111 | P103: Central | Q103: OFF-LA-10004853 | R103: Office Supplies | S103: Labels | T103: Label Stiker 1976 | U103: 224100 | V103: 3 | W103: 0 | X103: 103086
A104: 9255 | B104: IDN-2014-168368 | C104: 41681 | D104: 41685 | E104: =IF(D104="", C104+3, D104) -> 41685 | F104: Second Class | G104: BP-5183 | H104: Bakianto Puspasari | I104: Consumer | J104: Indonesia | K104: Yogyakarta | L104: {=_xlfn.XLOOKUP(M104,reference_province_to_city!$A$2:$A$11,reference_province_to_city!$B$2:$B$11)} -> Yogyakarta | M104: DI Yogyakarta | N104: 55111 | O104: {=_xlfn.XLOOKUP(M104,reference_postal_code!$B$2:$B$11,reference_postal_code!$A$2:$A$11)} -> 55111 | P104: Central | Q104: FUR-CH-10001146 | R104: Furniture | S104: Chairs | T104: Kursi Kerja Ergonomis 4209 | U104: 913350 | V104: 1 | W104: 0 | X104: 228337
A105: 9258 | B105: IDN-2014-168368 | C105: 41681 | D105: 41685 | E105: =IF(D105="", C105+3, D105) -> 41685 | F105: Second Class | G105: BP-5183 | H105: Bakianto Puspasari | I105: Consumer | J105: Indonesia | K105: Yogyakarta | L105: {=_xlfn.XLOOKUP(M105,reference_province_to_city!$A$2:$A$11,reference_province_to_city!$B$2:$B$11)} -> Yogyakarta | M105: DI Yogyakarta | N105: 55111 | O105: {=_xlfn.XLOOKUP(M105,reference_postal_code!$B$2:$B$11,reference_postal_code!$A$2:$A$11)} -> 55111 | P105: Central | Q105: FUR-FU-10002298 | R105: Furniture | S105: Furnishings | T105: Gorden 1676 | U105: 4994100 | V105: 3 | W105: 0 | X105: 799056
A106: 457 | B106: IDN-2014-110674 | C106: 41682 | D106: 41688 | E106: =IF(D106="", C106+3, D106) -> 41688 | F106: Standard Class | G106: EW-3316 | H106: Edi Widodo | I106: Consumer | J106: Indonesia | K106: Medan | L106: {=_xlfn.XLOOKUP(M106,reference_province_to_city!$A$2:$A$11,reference_province_to_city!$B$2:$B$11)} -> Medan | M106: Sumatera Utara | O106: {=_xlfn.XLOOKUP(M106,reference_postal_code!$B$2:$B$11,reference_postal_code!$A$2:$A$11)} -> 20111 | P106: Central | Q106: FUR-CH-10000225 | R106: Furniture | S106: Chairs | T106: Kursi Kerja Ergonomis 2193 | U106: 1943520 | V106: 2 | W106: 0.2 | X106: -364410
A107: 5467 | B107: IDN-2014-107706 | C107: 41684 | D107: 41689 | E107: =IF(D107="", C107+3, D107) -> 41689 | F107: Second Class | G107: GN-4110 | H107: Gawati Nasyidah | I107: Consumer | J107: Indonesia | K107: Bandung | L107: {=_xlfn.XLOOKUP(M107,reference_province_to_city!$A$2:$A$11,reference_province_to_city!$B$2:$B$11)} -> Bandung | M107: Jawa Barat | N107: 40111 | O107: {=_xlfn.XLOOKUP(M107,reference_postal_code!$B$2:$B$11,reference_postal_code!$A$2:$A$11)} -> 40111 | P107: West | Q107: OFF-PA-10000466 | R107: Office Supplies | S107: Paper | T107: Kertas HVS F4 8722 | U107: 242640 | V107: 3 | W107: 0.2 | X107: 90990
A108: 9764 | B108: IDN-2014-121762 | C108: 41684 | D108: 41688 | E108: =IF(D108="", C108+3, D108) -> 41688 | F108: Standard Class | G108: DTKS-6793 | H108: Drs. Tina Kusumo, S.Gz | I108: Corporate | J108: Indonesia | K108: Makassar | L108: {=_xlfn.XLOOKUP(M108,reference_province_to_city!$A$2:$A$11,reference_province_to_city!$B$2:$B$11)} -> Makassar | M108: Sulawesi Selatan | N108: 90111 | O108: {=_xlfn.XLOOKUP(M108,reference_postal_code!$B$2:$B$11,reference_postal_code!$A$2:$A$11)} -> 90111 | P108: South | Q108: OFF-SU-10000157 | R108: Office Supplies | S108: Supplies | T108: Perlengkapan Kantor 3662 | U108: 3579300 | V108: 2 | W108: 0 | X108: 71586
A109: 9762 | B109: IDN-2014-121762 | C109: 41684 | D109: 41688 | E109: =IF(D109="", C109+3, D109) -> 41688 | F109: Standard Class | G109: DTKS-6793 | H109: Drs. Tina Kusumo, S.Gz | I109: Corporate | J109: Indonesia | L109: {=_xlfn.XLOOKUP(M109,reference_province_to_city!$A$2:$A$11,reference_province_to_city!$B$2:$B$11)} -> Makassar | M109: Sulawesi Selatan | N109: 90111 | O109: {=_xlfn.XLOOKUP(M109,reference_postal_code!$B$2:$B$11,reference_postal_code!$A$2:$A$11)} -> 90111 | P109: South | Q109: TEC-AC-10000736 | R109: Technology | S109: Accessories | T109: Headset 6251 | U109: 3599550 | V109: 3 | W109: 0 | X109: 1295838
A110: 9763 | B110: IDN-2014-121762 | C110: 41684 | D110: 41688 | E110: =IF(D110="", C110+3, D110) -> 41688 | F110: Standard Class | G110: DTKS-6793 | H110: Drs. Tina Kusumo, S.Gz | I110: Corporate | J110: Indonesia | K110: Makassar | L110: {=_xlfn.XLOOKUP(M110,reference_province_to_city!$A$2:$A$11,reference_province_to_city!$B$2:$B$11)} -> Makassar | M110: Sulawesi Selatan | N110: 90111 | O110: {=_xlfn.XLOOKUP(M110,reference_postal_code!$B$2:$B$11,reference_postal_code!$A$2:$A$11)} -> 90111 | P110: South | Q110: OFF-AP-10001293 | R110: Office Supplies | S110: Appliances | T110: Dispenser Air 0492 | U110: 1229400 | V110: 2 | W110: 0 | X110: 344232
A111: 7438 | B111: IDN-2014-165568 | C111: 41685 | D111: 41689 | E111: =IF(D111="", C111+3, D111) -> 41689 | F111: Standard Class | G111: PSNS-7102 | H111: Puti Siti Nurdiyanti, S.T. | I111: Corporate | J111: Indonesia | K111: Surabaya | L111: {=_xlfn.XLOOKUP(M111,reference_province_to_city!$A$2:$A$11,reference_province_to_city!$B$2:$B$11)} -> Surabaya | M111: Jawa Timur | O111: {=_xlfn.XLOOKUP(M111,reference_postal_code!$B$2:$B$11,reference_postal_code!$A$2:$A$11)} -> 60231 | P111: East | Q111: OFF-BI-10001031 | R111: Office Supplies | S111: Binders | T111: Binder Plastik A4 5640 | U111: 320400 | V111: 5 | W111: 0.2 | X111: 108135
A112: 1334 | B112: IDN-2014-122567 | C112: 41686 | D112: 41691 | E112: =IF(D112="", C112+3, D112) -> 41691 | F112: Standard Class | G112: WSS-5045 | H112: Wirda Situmorang, S.Psi | I112: Consumer | J112: Indonesia | K112: Balikpapan | L112: {=_xlfn.XLOOKUP(M112,reference_province_to_city!$A$2:$A$11,reference_province_to_city!$B$2:$B$11)} -> Balikpapan | M112: Kalimantan Timur | N112: 76114 | O112: {=_xlfn.XLOOKUP(M112,reference_postal_code!$B$2:$B$11,reference_postal_code!$A$2:$A$11)} -> 76114 | P112: East | Q112: OFF-AP-10001303 | R112: Office Supplies | S112: Appliances | T112: Mesin Penghancur Kertas 9576 | U112: 119400 | V112: 2 | W112: 0.8 | X112: -208950
A113: 1333 | B113: IDN-2014-122567 | C113: 41686 | D113: 41691 | E113: =IF(D113="", C113+3, D113) -> 41691 | F113: Standard Class | G113: WSS-5045 | H113: Wirda Situmorang, S.Psi | I113: Consumer | J113: Indonesia | K113: Balikpapan | L113: {=_xlfn.XLOOKUP(M113,reference_province_to_city!$A$2:$A$11,reference_province_to_city!$B$2:$B$11)} -> Balikpapan | M113: Kalimantan Timur | N113: 76114 | O113: {=_xlfn.XLOOKUP(M113,reference_postal_code!$B$2:$B$11,reference_postal_code!$A$2:$A$11)} -> 76114 | P113: East | Q113: OFF-BI-10002012 | R113: Office Supplies | S113: Binders | T113: Binder Plastik A4 5212 | U113: 16200 | V113: 3 | W113: 0.8 | X113: -25920
A114: 9516 | B114: IDN-2014-154165 | C114: 41687 | D114: 41694 | E114: =IF(D114="", C114+3, D114) -> 41694 | F114: Standard Class | G114: SH-2227 | H114: Sarah Haryanti | I114: Consumer | J114: Indonesia | K114: Bandung | L114: {=_xlfn.XLOOKUP(M114,reference_province_to_city!$A$2:$A$11,reference_province_to_city!$B$2:$B$11)} -> Bandung | M114: Jawa Barat | N114: 40111 | O114: {=_xlfn.XLOOKUP(M114,reference_postal_code!$B$2:$B$11,reference_postal_code!$A$2:$A$11)} -> 40111 | P114: West | Q114: OFF-AR-10003631 | R114: Office Supplies | S114: Art | T114: Lukisan Kanvas 1388 | U114: 813120 | V114: 14 | W114: 0.2 | X114: 132132
A115: 6082 | B115: IDN-2014-165589 | C115: 41688 | D115: 41688 | E115: =IF(D115="", C115+3, D115) -> 41688 | F115: Same Day | G115: MS-5027 | H115: Mujur Suryatmi | I115: Consumer | J115: Indonesia | K115: Jakarta | L115: {=_xlfn.XLOOKUP(M115,reference_province_to_city!$A$2:$A$11,reference_province_to_city!$B$2:$B$11)} -> Jakarta | M115: DKI Jakarta | N115: 10110 | O115: {=_xlfn.XLOOKUP(M115,reference_postal_code!$B$2:$B$11,reference_postal_code!$A$2:$A$11)} -> 10110 | P115: West | Q115: FUR-FU-10002396 | R115: Furniture | S115: Furnishings | T115: Lampu Meja 9506 | U115: 377400 | V115: 5 | W115: 0.6 | X115: -169830
A116: 8223 | B116: IDN-2014-152905 | C116: 41688 | D116: 41694 | E116: =IF(D116="", C116+3, D116) -> 41694 | F116: Standard Class | G116: DZS-2318 | H116: Dipa Zulkarnain, S.T. | I116: Consumer | J116: Indonesia | K116: Yogyakarta | L116: {=_xlfn.XLOOKUP(M116,reference_province_to_city!$A$2:$A$11,reference_province_to_city!$B$2:$B$11)} -> Yogyakarta | M116: DI Yogyakarta | N116: 55111 | O116: {=_xlfn.XLOOKUP(M116,reference_postal_code!$B$2:$B$11,reference_postal_code!$A$2:$A$11)} -> 55111 | P116: Central | Q116: OFF-ST-10000321 | R116: Office Supplies | S116: Storage | T116: Rak Dokumen 9805 | U116: 189360 | V116: 2 | W116: 0.2 | X116: -37872
A117: 4522 | B117: IDN-2014-109491 | C117: 41690 | D117: 41696 | E117: =IF(D117="", C117+3, D117) -> 41696 | F117: Standard Class | G117: RP-1800 | H117: Restu Prabowo | I117: Corporate | J117: Indonesia | L117: {=_xlfn.XLOOKUP(M117,reference_province_to_city!$A$2:$A$11,reference_province_to_city!$B$2:$B$11)} -> Balikpapan | M117: Kalimantan Timur | N117: 76114 | O117: {=_xlfn.XLOOKUP(M117,reference_postal_code!$B$2:$B$11,reference_postal_code!$A$2:$A$11)} -> 76114 | P117: East | Q117: FUR-FU-10000221 | R117: Furniture | S117: Furnishings | T117: Gorden 6487 | U117: 304800 | V117: 4 | W117: 0 | X117: 103632
A118: 4521 | B118: IDN-2014-109491 | C118: 41690 | D118: 41696 | E118: =IF(D118="", C118+3, D118) -> 41696 | F118: Standard Class | G118: RP-1800 | H118: Restu Prabowo | I118: Corporate | J118: Indonesia | L118: {=_xlfn.XLOOKUP(M118,reference_province_to_city!$A$2:$A$11,reference_province_to_city!$B$2:$B$11)} -> Balikpapan | M118: Kalimantan Timur | N118: 76114 | O118: {=_xlfn.XLOOKUP(M118,reference_postal_code!$B$2:$B$11,reference_postal_code!$A$2:$A$11)} -> 76114 | P118: East | Q118: TEC-AC-10001284 | R118: Technology | S118: Accessories | T118: Keyboard USB 3285 | U118: 934650 | V118: 3 | W118: 0 | X118: 336474
A119: 8504 | B119: IDN-2014-164903 | C119: 41690 | D119: 41694 | E119: =IF(D119="", C119+3, D119) -> 41694 | F119: Standard Class | G119: PDP-5207 | H119: Puti Dewi Puspasari | I119: Home Office | J119: Indonesia | K119: Semarang | L119: {=_xlfn.XLOOKUP(M119,reference_province_to_city!$A$2:$A$11,reference_province_to_city!$B$2:$B$11)} -> Semarang | M119: Jawa Tengah | N119: 50111 | O119: {=_xlfn.XLOOKUP(M119,reference_postal_code!$B$2:$B$11,reference_postal_code!$A$2:$A$11)} -> 50111 | P119: Central | Q119: OFF-PA-10003363 | R119: Office Supplies | S119: Paper | T119: Kertas HVS A4 9825 | U119: 194400 | V119: 2 | W119: 0 | X119: 93312
A120: 2883 | B120: IDN-2014-165540 | C120: 41691 | D120: 41695 | E120: =IF(D120="", C120+3, D120) -> 41695 | F120: Standard Class | G120: ES-1302 | H120: Eka Simanjuntak | I120: Consumer | J120: Indonesia | K120: Surabaya | L120: {=_xlfn.XLOOKUP(M120,reference_province_to_city!$A$2:$A$11,reference_province_to_city!$B$2:$B$11)} -> Surabaya | M120: Jawa Timur | N120: 60231 | O120: {=_xlfn.XLOOKUP(M120,reference_postal_code!$B$2:$B$11,reference_postal_code!$A$2:$A$11)} -> 60231 | P120: East | Q120: OFF-BI-10004094 | R120: Office Supplies | S120: Binders | T120: Binder Plastik A4 1084 | U120: 132750 | V120: 5 | W120: 0.8 | X120: -205762
A121: 7611 | B121: IDN-2014-133354 | C121: 41692 | D121: 41694 | E121: =IF(D121="", C121+3, D121) -> 41694 | F121: First Class | G121: JRM-6573 | H121: Jono Ramadan, M.Pd | I121: Consumer | J121: Indonesia | K121: Medan | L121: {=_xlfn.XLOOKUP(M121,reference_province_to_city!$A$2:$A$11,reference_province_to_city!$B$2:$B$11)} -> Medan | M121: Sumatera Utara | N121: 20111 | O121: {=_xlfn.XLOOKUP(M121,reference_postal_code!$B$2:$B$11,reference_postal_code!$A$2:$A$11)} -> 20111 | P121: Central | Q121: OFF-PA-10001800 | R121: Office Supplies | S121: Paper | T121: Kertas HVS F4 8801 | U121: 291600 | V121: 3 | W121: 0 | X121: 139968
A122: 6531 | B122: IDN-2014-103744 | C122: 41693 | D122: 41697 | E122: =IF(D122="", C122+3, D122) -> 41697 | F122: Standard Class | G122: MT-1591 | H122: Maras Tamba | I122: Home Office | J122: Indonesia | K122: Yogyakarta | L122: {=_xlfn.XLOOKUP(M122,reference_province_to_city!$A$2:$A$11,reference_province_to_city!$B$2:$B$11)} -> Yogyakarta | M122: DI Yogyakarta | N122: 55111 | O122: {=_xlfn.XLOOKUP(M122,reference_postal_code!$B$2:$B$11,reference_postal_code!$A$2:$A$11)} -> 55111 | P122: Central | Q122: OFF-BI-10000320 | R122: Office Supplies | S122: Binders | T122: Binder Kulit A4 0449 | U122: 66420 | V122: 3 | W122: 0.8 | X122: -102951
A123: 6530 | B123: IDN-2014-103744 | C123: 41693 | D123: 41697 | E123: =IF(D123="", C123+3, D123) -> 41697 | F123: Standard Class | G123: MT-1591 | H123: Maras Tamba | I123: Home Office | J123: Indonesia | K123: Yogyakarta | L123: {=_xlfn.XLOOKUP(M123,reference_province_to_city!$A$2:$A$11,reference_province_to_city!$B$2:$B$11)} -> Yogyakarta | M123: DI Yogyakarta | N123: 55111 | O123: {=_xlfn.XLOOKUP(M123,reference_postal_code!$B$2:$B$11,reference_postal_code!$A$2:$A$11)} -> 55111 | P123: Central | Q123: OFF-LA-10004425 | R123: Office Supplies | S123: Labels | T123: Label Stiker 8446 | U123: 104040 | V123: 3 | W123: 0.2 | X123: 35114
A124: 5513 | B124: IDN-2014-137680 | C124: 41694 | D124: 41700 | E124: =IF(D124="", C124+3, D124) -> 41700 | F124: Standard Class | G124: KHSS-6594 | H124: KH. Hendri Sihombing, S.Pt | I124: Consumer | J124: Indonesia | K124: Bandung | L124: {=_xlfn.XLOOKUP(M124,reference_province_to_city!$A$2:$A$11,reference_province_to_city!$B$2:$B$11)} -> Bandung | M124: Jawa Barat | N124: 40111 | O124: {=_xlfn.XLOOKUP(M124,reference_postal_code!$B$2:$B$11,reference_postal_code!$A$2:$A$11)} -> 40111 | P124: West | Q124: OFF-PA-10000069 | R124: Office Supplies | S124: Paper | T124: Kertas HVS A4 7601 | U124: 341640 | V124: 3 | W124: 0.2 | X124: 115304
A125: 5512 | B125: IDN-2014-137680 | C125: 41694 | D125: 41700 | E125: =IF(D125="", C125+3, D125) -> 41700 | F125: Standard Class | G125: KHSS-6594 | H125: KH. Hendri Sihombing, S.Pt | I125: Consumer | J125: Indonesia | K125: Bandung | L125: {=_xlfn.XLOOKUP(M125,reference_province_to_city!$A$2:$A$11,reference_province_to_city!$B$2:$B$11)} -> Bandung | M125: Jawa Barat | N125: 40111 | O125: {=_xlfn.XLOOKUP(M125,reference_postal_code!$B$2:$B$11,reference_postal_code!$A$2:$A$11)} -> 40111 | P125: West | Q125: OFF-PA-10000174 | R125: Office Supplies | S125: Paper | T125: Kertas Foto 5240 | U125: 493440 | V125: 4 | W125: 0.2 | X125: 166536
A126: 9464 | B126: IDN-2014-156545 | C126: 41697 | D126: 41701 | E126: =IF(D126="", C126+3, D126) -> 41701 | F126: First Class | G126: IAW-4963 | H126: Ir. Ana Wahyudin | I126: Consumer | J126: Indonesia | K126: Palembang | L126: {=_xlfn.XLOOKUP(M126,reference_province_to_city!$A$2:$A$11,reference_province_to_city!$B$2:$B$11)} -> Palembang | M126: Sumatera Selatan | N126: 30111 | O126: {=_xlfn.XLOOKUP(M126,reference_postal_code!$B$2:$B$11,reference_postal_code!$A$2:$A$11)} -> 30111 | P126: Central | Q126: OFF-AR-10003560 | R126: Office Supplies | S126: Art | T126: Lukisan Cat Air 0941 | U126: 291840 | V126: 4 | W126: 0.2 | X126: 51072
A127: 158 | B127: IDN-2014-104269 | C127: 41699 | D127: 41704 | E127: =IF(D127="", C127+3, D127) -> 41704 | F127: Second Class | G127: GL-5042 | H127: Gandi Lailasari | I127: Consumer | J127: Indonesia | K127: Surabaya | L127: {=_xlfn.XLOOKUP(M127,reference_province_to_city!$A$2:$A$11,reference_province_to_city!$B$2:$B$11)} -> Surabaya | M127: Jawa Timur | N127: 60231 | O127: {=_xlfn.XLOOKUP(M127,reference_postal_code!$B$2:$B$11,reference_postal_code!$A$2:$A$11)} -> 60231 | P127: East | Q127: FUR-CH-10004063 | R127: Furniture | S127: Chairs | T127: Kursi Kantor 0991 | U127: 6863520 | V127: 2 | W127: 0.2 | X127: 772146
A128: 6549 | B128: IDN-2014-113880 | C128: 41699 | D128: 41703 | E128: =IF(D128="", C128+3, D128) -> 41703 | F128: Standard Class | G128: CH-7654 | H128: Cakrawangsa Hartati | I128: Home Office | J128: Indonesia | K128: Yogyakarta | L128: {=_xlfn.XLOOKUP(M128,reference_province_to_city!$A$2:$A$11,reference_province_to_city!$B$2:$B$11)} -> Yogyakarta | M128: DI Yogyakarta | O128: {=_xlfn.XLOOKUP(M128,reference_postal_code!$B$2:$B$11,reference_postal_code!$A$2:$A$11)} -> 55111 | P128: Central | Q128: OFF-PA-10003036 | R128: Office Supplies | S128: Paper | T128: Kertas Foto 2279 | U128: 262080 | V128: 3 | W128: 0.2 | X128: 85176
A129: 7948 | B129: IDN-2014-131009 | C129: 41699 | D129: 41703 | E129: =IF(D129="", C129+3, D129) -> 41703 | F129: Standard Class | G129: DWL-3808 | H129: drg. Wakiman Lestari | I129: Consumer | J129: Indonesia | K129: balikpapan | L129: {=_xlfn.XLOOKUP(M129,reference_province_to_city!$A$2:$A$11,reference_province_to_city!$B$2:$B$11)} -> Balikpapan | M129: Kalimantan Timur | N129: 76114 | O129: {=_xlfn.XLOOKUP(M129,reference_postal_code!$B$2:$B$11,reference_postal_code!$A$2:$A$11)} -> 76114 | P129: East | Q129: OFF-FA-10004395 | R129: Office Supplies | S129: Fasteners | T129: Penjepit Kertas 2965 | U129: 282600 | V129: 5 | W129: 0.2 | X129: -52987
A130: 6548 | B130: IDN-2014-113880 | C130: 41699 | D130: 41703 | E130: =IF(D130="", C130+3, D130) -> 41703 | F130: Standard Class | G130: CH-7654 | H130: Cakrawangsa Hartati | I130: Home Office | J130: Indonesia | K130: Yogyakarta | L130: {=_xlfn.XLOOKUP(M130,reference_province_to_city!$A$2:$A$11,reference_province_to_city!$B$2:$B$11)} -> Yogyakarta | M130: DI Yogyakarta | N130: 55111 | O130: {=_xlfn.XLOOKUP(M130,reference_postal_code!$B$2:$B$11,reference_postal_code!$A$2:$A$11)} -> 55111 | P130: Central | Q130: FUR-CH-10000863 | R130: Furniture | S130: Chairs | T130: Kursi Kerja Ergonomis 3606 | U130: 9511740 | V130: 6 | W130: 0.3 | X130: -2581758
A131: 8310 | B131: IDN-2014-168312 | C131: 41699 | D131: 41705 | E131: =IF(D131="", C131+3, D131) -> 41705 | F131: Standard Class | G131: TU-3958 | H131: Tari Usamah | I131: Consumer | J131: Indonesia | K131: Medan | L131: {=_xlfn.XLOOKUP(M131,reference_province_to_city!$A$2:$A$11,reference_province_to_city!$B$2:$B$11)} -> Medan | M131: Sumatera Utara | N131: 20111 | O131: {=_xlfn.XLOOKUP(M131,reference_postal_code!$B$2:$B$11,reference_postal_code!$A$2:$A$11)} -> 20111 | P131: Central | Q131: OFF-ST-10003692 | R131: Office Supplies | S131: Storage | T131: Lemari Arsip 3040 | U131: 2060280 | V131: 3 | W131: 0.2 | X131: 128767
A132: 7951 | B132: IDN-2014-131009 | C132: 41699 | D132: 41703 | E132: =IF(D132="", C132+3, D132) -> 41703 | F132: Standard Class | G132: DWL-3808 | H132: drg. Wakiman Lestari | I132: Consumer | J132: Indonesia | K132: Balikpapan | L132: {=_xlfn.XLOOKUP(M132,reference_province_to_city!$A$2:$A$11,reference_province_to_city!$B$2:$B$11)} -> Balikpapan | M132: Kalimantan Timur | N132: 76114 | O132: {=_xlfn.XLOOKUP(M132,reference_postal_code!$B$2:$B$11,reference_postal_code!$A$2:$A$11)} -> 76114 | P132: East | Q132: OFF-ST-10001469 | R132: Office Supplies | S132: Storage | T132: Lemari Arsip 2301 | U132: 1943280 | V132: 3 | W132: 0.2 | X132: -340074
A133: 5714 | B133: IDN-2014-143707 | C133: 41699 | D133: 41703 | E133: =IF(D133="", C133+3, D133) -> 41703 | F133: Standard Class | G133: HD-7107 | H133: Hendri Dongoran | I133: Home Office | J133: Indonesia | K133: Denpasar | L133: {=_xlfn.XLOOKUP(M133,reference_province_to_city!$A$2:$A$11,reference_province_to_city!$B$2:$B$11)} -> Denpasar | M133: Bali | N133: 80231 | O133: {=_xlfn.XLOOKUP(M133,reference_postal_code!$B$2:$B$11,reference_postal_code!$A$2:$A$11)} -> 80231 | P133: South | Q133: TEC-PH-10003655 | R133: Technology | S133: Phones | T133: Feature Phone Dual SIM 3068 | U133: 89100 | V133: 3 | W133: 0 | X133: 24057
A134: 7949 | B134: IDN-2014-131009 | C134: 41699 | D134: 41703 | E134: =IF(D134="", C134+3, D134) -> 41703 | F134: Standard Class | G134: DWL-3808 | H134: drg. Wakiman Lestari | I134: Consumer | J134: Indonesia | K134: Balikpapan | L134: {=_xlfn.XLOOKUP(M134,reference_province_to_city!$A$2:$A$11,reference_province_to_city!$B$2:$B$11)} -> Balikpapan | M134: Kalimantan Timur | N134: 76114 | O134: {=_xlfn.XLOOKUP(M134,reference_postal_code!$B$2:$B$11,reference_postal_code!$A$2:$A$11)} -> 76114 | P134: East | Q134: FUR-CH-10001270 | R134: Furniture | S134: Chairs | T134: Kursi Kantor 2404 | U134: 5433750 | V134: 6 | W134: 0.3 | X134: 0
A135: 7950 | B135: IDN-2014-131009 | C135: 41699 | D135: 41703 | E135: =IF(D135="", C135+3, D135) -> 41703 | F135: Standard Class | G135: DWL-3808 | H135: drg. Wakiman Lestari | I135: Consumer | J135: Indonesia | K135: Balikpapan | L135: {=_xlfn.XLOOKUP(M135,reference_province_to_city!$A$2:$A$11,reference_province_to_city!$B$2:$B$11)} -> Balikpapan | M135: Kalimantan Timur | N135: 76114 | O135: {=_xlfn.XLOOKUP(M135,reference_postal_code!$B$2:$B$11,reference_postal_code!$A$2:$A$11)} -> 76114 | P135: East | Q135: FUR-FU-10001095 | R135: Furniture | S135: Furnishings | T135: Lampu Meja 5088 | U135: 953280 | V135: 6 | W135: 0.6 | X135: -524304
A136: 8311 | B136: IDN-2014-168312 | C136: 41699 | D136: 41705 | E136: =IF(D136="", C136+3, D136) -> 41705 | F136: Standard Class | G136: TU-3958 | H136: Tari Usamah | I136: Consumer | J136: Indonesia | K136: MEDAN | L136: {=_xlfn.XLOOKUP(M136,reference_province_to_city!$A$2:$A$11,reference_province_to_city!$B$2:$B$11)} -> Medan | M136: Sumatera Utara | N136: 20111 | O136: {=_xlfn.XLOOKUP(M136,reference_postal_code!$B$2:$B$11,reference_postal_code!$A$2:$A$11)} -> 20111 | P136: Central | Q136: FUR-TA-10001866 | R136: Furniture | S136: Tables | T136: Meja Belajar 8199 | U136: 5647635 | V136: 3 | W136: 0.3 | X136: -645444
...

Sheet reference_province_to_city
A1: provinsi | B1: kota
A2: DKI Jakarta | B2: Jakarta
A3: Jawa Barat | B3: Bandung
A4: Jawa Tengah | B4: Semarang
A5: DI Yogyakarta | B5: Yogyakarta
A6: Jawa Timur | B6: Surabaya
A7: Bali | B7: Denpasar
A8: Sumatera Utara | B8: Medan
A9: Sumatera Selatan | B9: Palembang
A10: Kalimantan Timur | B10: Balikpapan
A11: Sulawesi Selatan | B11: Makassar

Sheet reference_postal_code
A1: kode_pos | B1: provinsi
A2: 10110 | B2: DKI Jakarta
A3: 20111 | B3: Sumatera Utara
A4: 30111 | B4: Sumatera Selatan
A5: 40111 | B5: Jawa Barat
A6: 50111 | B6: Jawa Tengah
A7: 55111 | B7: DI Yogyakarta
A8: 60231 | B8: Jawa Timur
A9: 76114 | B9: Kalimantan Timur
A10: 80231 | B10: Bali
A11: 90111 | B11: Sulawesi Selatan

Sheet basic_analysis
A1: Pertanyaan | B1: Jawaban
A2: Berapa total pendapatan (bukan keuntungan) yang didapatkan sepanjang tahun 2016? | B2: =SUMIFS( sources!U2:U10077, sources!C2:C10077, ">="&DATE(2016,1,1), sources!C2:C10077, "<"&DATE(2017,1,1) ) -> 9246372270
A3: Berapa total kuantitas produk yang terjual sepanjang tahun 2016? | B3: =SUMIFS( sources!V2:V10077, sources!C2:C10077, ">="&DATE(2016,1,1), sources!C2:C10077, "<="&DATE(2016,12,31) ) -> 9936
A4: Berapa jumlah pemesanan dengan metode pengiriman "First Class" pada periode 2014–2017? | B4: =COUNTIFS( sources!F2:F10077,"First Class", sources!C2:C10077,">="&DATE(2014,1,1), sources!C2:C10077,"<"&DATE(2017,12,31) ) -> 1548
A5: HINT
A7: Total pendapatan sepanjang tahun 2016 bernilai bilangan positif dan berada pada kisaran Rp9,2 miliar hingga Rp9,3 miliar.
A10: Total jumlah produk yang terjual pada tahun 2016 bernilai bilangan positif dan berada pada rentang 9900 hingga 10000 unit.
A13: Jumlah pemesanan dengan metode pengiriman "First Class" pada periode 2014 hingga 2017 bernilai positif dan berada pada kisaran 1.500 hingga 1.600 pesanan.

Sheet query_analysis
A1: Pertanyaan | B1: Jawaban
A2: Berapa jumlah pelanggan di setiap kota? (Tampilkan data jumlah pelanggan di setiap kota) | B2: =IFERROR(__xludf.DUMMYFUNCTION("QUERY(sources!A1:X10077, ""SELECT L, COUNT(H) GROUP BY L ORDER BY COUNT(H) DESC"", 1)"),"clean_kota") -> clean_kota | C2: =IFERROR(__xludf.DUMMYFUNCTION("""COMPUTED_VALUE"""),"count nama_pelanggan") -> count nama_pelanggan
B3: =IFERROR(__xludf.DUMMYFUNCTION("""COMPUTED_VALUE"""),"Makassar") -> Makassar | C3: =IFERROR(__xludf.DUMMYFUNCTION("""COMPUTED_VALUE"""),1103.0) -> 1103
B4: =IFERROR(__xludf.DUMMYFUNCTION("""COMPUTED_VALUE"""),"Surabaya") -> Surabaya | C4: =IFERROR(__xludf.DUMMYFUNCTION("""COMPUTED_VALUE"""),1101.0) -> 1101
B5: =IFERROR(__xludf.DUMMYFUNCTION("""COMPUTED_VALUE"""),"Denpasar") -> Denpasar | C5: =IFERROR(__xludf.DUMMYFUNCTION("""COMPUTED_VALUE"""),1069.0) -> 1069
B6: =IFERROR(__xludf.DUMMYFUNCTION("""COMPUTED_VALUE"""),"Semarang") -> Semarang | C6: =IFERROR(__xludf.DUMMYFUNCTION("""COMPUTED_VALUE"""),1010.0) -> 1010
B7: =IFERROR(__xludf.DUMMYFUNCTION("""COMPUTED_VALUE"""),"Balikpapan") -> Balikpapan | C7: =IFERROR(__xludf.DUMMYFUNCTION("""COMPUTED_VALUE"""),998.0) -> 998
B8: =IFERROR(__xludf.DUMMYFUNCTION("""COMPUTED_VALUE"""),"Jakarta") -> Jakarta | C8: =IFERROR(__xludf.DUMMYFUNCTION("""COMPUTED_VALUE"""),994.0) -> 994
B9: =IFERROR(__xludf.DUMMYFUNCTION("""COMPUTED_VALUE"""),"Yogyakarta") -> Yogyakarta | C9: =IFERROR(__xludf.DUMMYFUNCTION("""COMPUTED_VALUE"""),983.0) -> 983
B10: =IFERROR(__xludf.DUMMYFUNCTION("""COMPUTED_VALUE"""),"Medan") -> Medan | C10: =IFERROR(__xludf.DUMMYFUNCTION("""COMPUTED_VALUE"""),946.0) -> 946
B11: =IFERROR(__xludf.DUMMYFUNCTION("""COMPUTED_VALUE"""),"Bandung") -> Bandung | C11: =IFERROR(__xludf.DUMMYFUNCTION("""COMPUTED_VALUE"""),940.0) -> 940
B12: =IFERROR(__xludf.DUMMYFUNCTION("""COMPUTED_VALUE"""),"Palembang") -> Palembang | C12: =IFERROR(__xludf.DUMMYFUNCTION("""COMPUTED_VALUE"""),932.0) -> 932
A15: Berapa rata-rata penjualan di setiap kota sepanjang tahun 2014-2017? (Tampilkan data rata-rata penjualan setiap kota) | B15: =IFERROR(__xludf.DUMMYFUNCTION("QUERY(sources!A1:X10077, ""SELECT L, AVG(U) GROUP BY L ORDER BY AVG(U) DESC"", 1)"),"clean_kota") -> clean_kota | C15: =IFERROR(__xludf.DUMMYFUNCTION("""COMPUTED_VALUE"""),"avg penjualan") -> avg penjualan
B16: =IFERROR(__xludf.DUMMYFUNCTION("""COMPUTED_VALUE"""),"Balikpapan") -> Balikpapan | C16: =IFERROR(__xludf.DUMMYFUNCTION("""COMPUTED_VALUE"""),4085450.875751503) -> 4085450.9
B17: =IFERROR(__xludf.DUMMYFUNCTION("""COMPUTED_VALUE"""),"Medan") -> Medan | C17: =IFERROR(__xludf.DUMMYFUNCTION("""COMPUTED_VALUE"""),3700440.084566596) -> 3700440.1
B18: =IFERROR(__xludf.DUMMYFUNCTION("""COMPUTED_VALUE"""),"Jakarta") -> Jakarta | C18: =IFERROR(__xludf.DUMMYFUNCTION("""COMPUTED_VALUE"""),3675763.5331991953) -> 3675763.5
B19: =IFERROR(__xludf.DUMMYFUNCTION("""COMPUTED_VALUE"""),"Denpasar") -> Denpasar | C19: =IFERROR(__xludf.DUMMYFUNCTION("""COMPUTED_VALUE"""),3538502.689429373) -> 3538502.7
B20: =IFERROR(__xludf.DUMMYFUNCTION("""COMPUTED_VALUE"""),"Surabaya") -> Surabaya | C20: =IFERROR(__xludf.DUMMYFUNCTION("""COMPUTED_VALUE"""),3385368.8147138963) -> 3385368.8
B21: =IFERROR(__xludf.DUMMYFUNCTION("""COMPUTED_VALUE"""),"Semarang") -> Semarang | C21: =IFERROR(__xludf.DUMMYFUNCTION("""COMPUTED_VALUE"""),3365852.07029703) -> 3365852.1
B22: =IFERROR(__xludf.DUMMYFUNCTION("""COMPUTED_VALUE"""),"Yogyakarta") -> Yogyakarta | C22: =IFERROR(__xludf.DUMMYFUNCTION("""COMPUTED_VALUE"""),3345146.392675483) -> 3345146.4
B23: =IFERROR(__xludf.DUMMYFUNCTION("""COMPUTED_VALUE"""),"Makassar") -> Makassar | C23: =IFERROR(__xludf.DUMMYFUNCTION("""COMPUTED_VALUE"""),3272766.6183136897) -> 3272766.6
B24: =IFERROR(__xludf.DUMMYFUNCTION("""COMPUTED_VALUE"""),"Palembang") -> Palembang | C24: =IFERROR(__xludf.DUMMYFUNCTION("""COMPUTED_VALUE"""),3088697.4978540773) -> 3088697.5
B25: =IFERROR(__xludf.DUMMYFUNCTION("""COMPUTED_VALUE"""),"Bandung") -> Bandung | C25: =IFERROR(__xludf.DUMMYFUNCTION("""COMPUTED_VALUE"""),2937980.2521276595) -> 2937980.3
A26: Berapa total transaksi yang terjadi pada setiap harinya? (Tampilkan data dari senin sampai minggu) | B26: =IFERROR(__xludf.DUMMYFUNCTION("ARRAYFORMULA(QUERY({TEXT(sources!C1:C10077, ""dddd""), sources!A1:X10077}, ""SELECT Col1, COUNT(Col3) GROUP BY Col1 LABEL Col1 'Hari', COUNT(Col3) 'Total Transaksi'"", 1)) "),"Hari") -> Hari | C26: =IFERROR(__xludf.DUMMYFUNCTION("""COMPUTED_VALUE"""),"Total Transaksi") -> Total Transaksi
B27: =IFERROR(__xludf.DUMMYFUNCTION("""COMPUTED_VALUE"""),"Friday") -> Friday | C27: =IFERROR(__xludf.DUMMYFUNCTION("""COMPUTED_VALUE"""),1836.0) -> 1836
B28: =IFERROR(__xludf.DUMMYFUNCTION("""COMPUTED_VALUE"""),"Monday") -> Monday | C28: =IFERROR(__xludf.DUMMYFUNCTION("""COMPUTED_VALUE"""),1887.0) -> 1887
B29: =IFERROR(__xludf.DUMMYFUNCTION("""COMPUTED_VALUE"""),"Saturday") -> Saturday | C29: =IFERROR(__xludf.DUMMYFUNCTION("""COMPUTED_VALUE"""),1668.0) -> 1668
B30: =IFERROR(__xludf.DUMMYFUNCTION("""COMPUTED_VALUE"""),"Sunday") -> Sunday | C30: =IFERROR(__xludf.DUMMYFUNCTION("""COMPUTED_VALUE"""),1724.0) -> 1724
B31: =IFERROR(__xludf.DUMMYFUNCTION("""COMPUTED_VALUE"""),"Thursday") -> Thursday | C31: =IFERROR(__xludf.DUMMYFUNCTION("""COMPUTED_VALUE"""),1473.0) -> 1473
B32: =IFERROR(__xludf.DUMMYFUNCTION("""COMPUTED_VALUE"""),"Tuesday") -> Tuesday | C32: =IFERROR(__xludf.DUMMYFUNCTION("""COMPUTED_VALUE"""),1114.0) -> 1114
B33: =IFERROR(__xludf.DUMMYFUNCTION("""COMPUTED_VALUE"""),"Wednesday") -> Wednesday | C33: =IFERROR(__xludf.DUMMYFUNCTION("""COMPUTED_VALUE"""),374.0) -> 374
A34: HINT
A36: Kota dengan jumlah pelanggan terbanyak adalah Makassar, diikuti oleh Surabaya dan Denpasar.
A38: Rata-rata penjualan tertinggi terdapat di Kota Balikpapan, yaitu sekitar Rp4.000.000 atau lebih.
A41: Hari dengan jumlah transaksi terbanyak adalah Senin, dengan sekitar 1.800 transaksi atau lebih.

Sheet top_lima_produk
A1: Pertanyaan | B1: Jawaban
A2: Lima produk yang memiliki penjualan tertinggi sepanjang tahun (2014-2017)
A8: HINT
A10: Lima produk dengan nilai tertinggi adalah Mesin Fotokopi xxx, Ordner Arsip xxx, Mesin Laminating xxx, Binder Kancing xxx, dan Binder Plastik xxx. Mesin fotokopi tersebut berada pada kisaran harga Rp700.000.000.
